1,1.jpg,1,1,Tamgaram,23000,1,23,New
2,2.jpg,1,1,Tamgaram,23000,1,23,New
3,3.jpg,1,1,Tamgaram,23000,1,23,New
4,4.jpg,1,1,Tamgaram,23000,1,23,New
5,5.jpg,1,1,Tamgaram,23000,1,23,New
6,6.jpg,1,1,Tamgaram,23000,1,23,New
7,7.jpg,1,1,Tamgaram,23000,1,23,New
8,8.jpg,1,1,Tamgaram,23000,1,23,New
9,9.jpg,1,1,Tamgaram,23000,1,23,New
10,10.jpg,1,1,Tamgaram,23000,1,23,New
11,11.jpg,1,1,Miyara,25000,1,23,New
12,12.jpg,1,1,Miyara,25000,1,23,New
13,13.jpg,1,1,Miyara,25000,1,23,New
14,14.jpg,1,1,Miyara,25000,1,23,New
15,15.jpg,1,1,Miyara,25000,1,23,New
16,16.jpg,1,1,Miyara,25000,1,23,New
17,17.jpg,1,1,Miyara,25000,1,23,New
18,18.jpg,1,1,Miyara,25000,1,23,New
19,19.jpg,1,1,Miyara,25000,1,23,New
20,20.jpg,1,1,Miyara,25000,1,23,New
21,21.jpg,1,1,Miyara,25000,1,23,New
22,22.jpg,1,1,Miyara,25000,1,23,New
23,23.jpg,1,1,Miyara,25000,1,23,New
24,24.jpg,1,1,Miyara,25000,1,23,New
25,25.jpg,1,1,Miyara,25000,1,23,New
26,26.jpg,1,1,Miyara,25000,1,23,New
27,27.jpg,1,1,Miyara,25000,1,23,New
28,28.jpg,1,1,Miyara,25000,1,23,New
29,29.jpg,1,1,Miyara,25000,1,23,New
30,30.jpg,1,1,Miyara,25000,1,23,New
31,31.jpg,1,1,Miyara,25000,1,23,New
32,32.jpg,1,1,Miyara,25000,1,23,New
33,33.jpg,1,1,Miyara,25000,1,23,New
34,34.jpg,1,1,Zanna,6000,1,23,New
35,35.jpg,1,1,Zanna,6000,1,23,New
36,36.jpg,1,1,Zanna,6000,1,23,New
37,37.jpg,1,1,Zanna,6000,1,23,New
38,38.jpg,1,1,Zanna,6000,1,23,New
39,39.jpg,1,1,Zanna,6000,1,23,New
40,40.jpg,1,1,Zanna,6000,1,23,New
41,41.jpg,1,1,Zanna,6000,1,23,New
42,42.jpg,1,1,Zanna,6000,1,23,New
43,43.jpg,1,1,Zanna,6000,1,23,New
44,FB_IMG_1646159108292-720x410.jpg,1,1,Miyara,25000,1,23,New
